<?xml version="1.0" encoding="UTF-8"?>
<template xmlns:xsi="http://www.w3.org/2001/XMLSchema-instance" uuid="0dd9a65e-3a69-49f0-ba44-d07f23e171bc" xsi:noNamespaceSchemaLocation="https://www.jetbrains.com/teamcity/schemas/2020.1/project-config.xsd">
  <name>Empty-Recursive-Template</name>
  <settings>
    <options>
      <option name="cleanBuild" value="true" />
    </options>
    <parameters>
      <param name="env.feedback" value="0" />
      <param name="github-cfm-repo" value="" spec="text description='This is link to the repo where your CloudFormation template(s) lives. All templates will run against the supplied rule file.' label='CloudFormation Template Repo' validationMode='not_empty' display='normal'" />
      <param name="github-repo-password" value="zxx775d03cbe80d301b" spec="password description='Password for Github Repo storing the wanted cfn-template.' label='GitHub Password' display='normal'" />
      <param name="github-repo-username" value="" spec="text description='Username for GitHub authentication. Authenticate to repo where cloudformation template is stored.' label='GitHub Username' validationMode='not_empty' display='normal'" />
      <param name="ruleset-file" value="global_policies.ruleset" spec="select description='Name of ruleset file to evaluate templates against. Found in rule repository, under policies/.' label='Ruleset File Name' data_1='global_policies.ruleset' display='normal'" />
      <param name="webhook-url" value="zxx775d03cbe80d301b" spec="password description='This is the URL to your Teams webhook. This field is hidden since no authentication is natively required for webhooks.' label='Webhook' display='normal'" />
    </parameters>
    <build-runners>
      <runner id="RUNNER_7" name="CFN-Guard-Docker" type="simpleRunner">
        <parameters>
          <param name="command.executable" value="/scripts/run-cfn-binary.sh" />
          <param name="command.parameters" value="&quot;%webhook-url%&quot; &quot;%ruleset-file%&quot;" />
          <param name="plugin.docker.imageId" value="jstmcneil/cfn-guard-python" />
          <param name="plugin.docker.pull.enabled" value="true" />
          <param name="script.content" value="echo &quot;STARTING DOCKER STEPS:&quot;" />
          <param name="teamcity.step.mode" value="default" />
        </parameters>
      </runner>
    </build-runners>
    <vcs-settings>
      <vcs-entry-ref root-id="PaCParameterized_CfmTemplatesRepo">
        <checkout-rule rule="+:.=&gt;/github/workspace" />
      </vcs-entry-ref>
    </vcs-settings>
    <requirements />
    <build-triggers />
    <build-extensions>
      <extension id="BUILD_EXT_1" type="BuildFailureOnMessage">
        <parameters>
          <param name="buildFailureOnMessage.conditionType" value="contains" />
          <param name="buildFailureOnMessage.messagePattern" value="FAILED-CODE-PYTHON" />
          <param name="buildFailureOnMessage.outputText" value="Policies did not pass baseline requirements." />
          <param name="buildFailureOnMessage.reverse" value="false" />
          <param name="buildFailureOnMessage.stopBuildOnFailure" value="true" />
        </parameters>
      </extension>
      <extension id="BUILD_EXT_2" type="BuildFailureOnMessage">
        <parameters>
          <param name="buildFailureOnMessage.conditionType" value="contains" />
          <param name="buildFailureOnMessage.messagePattern" value="No rule-file found w/ %ruleset-file% name." />
          <param name="buildFailureOnMessage.outputText" value="No rule-file could be found with the supplied name." />
          <param name="buildFailureOnMessage.reverse" value="false" />
          <param name="buildFailureOnMessage.stopBuildOnFailure" value="true" />
        </parameters>
      </extension>
    </build-extensions>
    <cleanup />
  </settings>
</template>

