<?xml version="1.0" encoding="UTF-8"?>
<build-type xmlns:xsi="http://www.w3.org/2001/XMLSchema-instance" uuid="79698433-6a2a-49b6-b030-e633840a0cf8" xsi:noNamespaceSchemaLocation="https://www.jetbrains.com/teamcity/schemas/2020.1/project-config.xsd">
  <name>GitHub Pulling - Recursive</name>
  <description />
  <settings ref="PaCParameterized_RecursiveTemplate">
    <parameters />
    <build-runners>
      <runner id="RUNNER_7" name="CFN-Guard-Docker" type="simpleRunner">
        <parameters>
          <param name="command.executable" value="/scripts/run-cfn-binary.sh" />
          <param name="command.parameters" value="&quot;%ruleset-file%&quot; &quot;%webhook-url%&quot; &quot;%color_scheme%&quot;" />
          <param name="plugin.docker.imageId" value="jstmcneil/cfn-guard-python" />
          <param name="plugin.docker.pull.enabled" value="true" />
          <param name="script.content" value="echo &quot;STARTING DOCKER STEPS:&quot;" />
          <param name="teamcity.step.mode" value="default" />
        </parameters>
      </runner>
    </build-runners>
    <vcs-settings />
    <requirements />
    <build-triggers />
    <cleanup />
  </settings>
</build-type>

